<code_scheme name="Default (1)" version="173">
  <option name="LINE_SEPARATOR" value="&#10;" />
  <option name="FORMATTER_TAGS_ENABLED" value="true" />
  <ScalaCodeStyleSettings>
    <option name="METHOD_BRACE_FORCE" value="1" />
    <option name="PLACE_CLOSURE_PARAMETERS_ON_NEW_LINE" value="true" />
    <option name="SPACE_INSIDE_CLOSURE_BRACES" value="false" />
    <option name="SPACE_BEFORE_TYPE_COLON" value="true" />
    <option name="SPACE_BEFORE_BRACE_METHOD_CALL" value="false" />
    <option name="MULTILINE_STRING_CLOSING_QUOTES_ON_NEW_LINE" value="true" />
    <option name="SD_ALIGN_PARAMETERS_COMMENTS" value="false" />
    <option name="SD_PRESERVE_SPACES_IN_TAGS" value="true" />
  </ScalaCodeStyleSettings>
  <XML>
    <option name="XML_LEGACY_SETTINGS_IMPORTED" value="true" />
  </XML>
  <codeStyleSettings language="Scala">
    <option name="KEEP_FIRST_COLUMN_COMMENT" value="true" />
    <option name="ALIGN_MULTILINE_CHAINED_METHODS" value="true" />
    <option name="ALIGN_MULTILINE_PARAMETERS" value="false" />
    <option name="ALIGN_MULTILINE_PARAMETERS_IN_CALLS" value="true" />
    <option name="ALIGN_MULTILINE_BINARY_OPERATION" value="true" />
    <option name="ALIGN_GROUP_FIELD_DECLARATIONS" value="true" />
    <option name="SPACE_WITHIN_PARENTHESES" value="true" />
    <option name="SPACE_WITHIN_METHOD_CALL_PARENTHESES" value="true" />
    <option name="SPACE_WITHIN_METHOD_PARENTHESES" value="true" />
    <option name="SPACE_WITHIN_IF_PARENTHESES" value="true" />
    <option name="SPACE_WITHIN_WHILE_PARENTHESES" value="true" />
    <option name="SPACE_WITHIN_FOR_PARENTHESES" value="true" />
    <option name="SPACE_WITHIN_BRACKETS" value="true" />
    <indentOptions>
      <option name="INDENT_SIZE" value="4" />
      <option name="CONTINUATION_INDENT_SIZE" value="4" />
      <option name="TAB_SIZE" value="4" />
    </indentOptions>
  </codeStyleSettings>
</code_scheme>