<keymap version="1" name="Mac OS X copy" parent="Mac OS X">
  <action id="ActivateTerminalToolWindow">
    <keyboard-shortcut first-keystroke="alt d" />
  </action>
  <action id="CloseContent">
    <keyboard-shortcut first-keystroke="meta f4" />
    <keyboard-shortcut first-keystroke="meta w" />
  </action>
  <action id="DecrementWindowHeight" />
  <action id="EditorCodeBlockEnd" />
  <action id="EditorCodeBlockEndWithSelection">
    <keyboard-shortcut first-keystroke="shift meta down" />
  </action>
  <action id="EditorCodeBlockStart">
    <keyboard-shortcut first-keystroke="shift meta up" />
  </action>
  <action id="EditorSelectWord" />
  <action id="FileChooser.NewFolder" />
  <action id="Find">
    <keyboard-shortcut first-keystroke="alt f3" />
  </action>
  <action id="FindInPath">
    <keyboard-shortcut first-keystroke="shift ctrl h" />
  </action>
  <action id="GotoChangedFile" />
  <action id="GotoClass">
    <keyboard-shortcut first-keystroke="shift meta t" />
  </action>
  <action id="GotoFile">
    <keyboard-shortcut first-keystroke="shift meta r" />
  </action>
  <action id="GotoImplementation">
    <keyboard-shortcut first-keystroke="meta alt b" />
  </action>
  <action id="GotoLine">
    <keyboard-shortcut first-keystroke="meta l" />
  </action>
  <action id="GotoSymbol">
    <keyboard-shortcut first-keystroke="shift meta alt n" />
    <keyboard-shortcut first-keystroke="meta o" />
  </action>
  <action id="GotoTest" />
  <action id="Images.ShowThumbnails" />
  <action id="IncrementWindowHeight" />
  <action id="MaximizeToolWindow">
    <keyboard-shortcut first-keystroke="meta m" />
  </action>
  <action id="MethodHierarchy.OverrideMethodAction" />
  <action id="MinimizeCurrentWindow" />
  <action id="Move">
    <keyboard-shortcut first-keystroke="shift ctrl m" />
  </action>
  <action id="MoveStatementDown" />
  <action id="MoveStatementUp" />
  <action id="NewElementInMenuGroup">
    <keyboard-shortcut first-keystroke="meta n" />
  </action>
  <action id="OptimizeImports">
    <keyboard-shortcut first-keystroke="shift meta o" />
  </action>
  <action id="OverrideMethods" />
  <action id="Refactorings.QuickListPopupAction">
    <keyboard-shortcut first-keystroke="meta alt r" />
  </action>
  <action id="ReformatCode">
    <keyboard-shortcut first-keystroke="shift meta f" />
  </action>
  <action id="RenameElement">
    <keyboard-shortcut first-keystroke="shift ctrl r" />
  </action>
  <action id="Replace">
    <keyboard-shortcut first-keystroke="meta f" />
  </action>
  <action id="ReplaceInPath" />
  <action id="ResetColumnsWidth" />
  <action id="ResizeToolWindowDown" />
  <action id="ResizeToolWindowUp" />
  <action id="Scala.CreateLightWorksheetAction">
    <keyboard-shortcut first-keystroke="shift meta alt x" />
  </action>
  <action id="Scala.ShowImplicits">
    <keyboard-shortcut first-keystroke="shift ctrl alt equals" />
    <keyboard-shortcut first-keystroke="shift ctrl alt add" />
  </action>
  <action id="SelectIn" />
  <action id="SplitVertically">
    <keyboard-shortcut first-keystroke="meta close_bracket" />
  </action>
  <action id="SwitchApply">
    <keyboard-shortcut first-keystroke="ctrl alt enter" />
  </action>
  <action id="SwitchDown">
    <keyboard-shortcut first-keystroke="ctrl alt down" />
  </action>
  <action id="SwitchLeft">
    <keyboard-shortcut first-keystroke="ctrl alt left" />
  </action>
  <action id="SwitchRight">
    <keyboard-shortcut first-keystroke="ctrl alt right" />
  </action>
  <action id="SwitchUp">
    <keyboard-shortcut first-keystroke="ctrl alt up" />
  </action>
  <action id="ToggleInlineHintsAction">
    <keyboard-shortcut first-keystroke="alt space" />
  </action>
  <action id="Vcs.Log.FocusTextFilter" />
</keymap>