<filetype binary="false" description="Docker build file" name="">
  <highlighting>
    <options>
      <option name="LINE_COMMENT" value="#" />
      <option name="COMMENT_START" value="" />
      <option name="COMMENT_END" value="" />
      <option name="HEX_PREFIX" value="" />
      <option name="NUM_POSTFIXES" value="" />
    </options>
    <keywords keywords="ADD;ARG;ATTACH;CMD;COPY;ENTRYPOINT;ENV;EXPORT;EXPOSE;FROM;IMPORT;INCLUDE;LABEL;MAINTAINER;MOUNT;ONBUILD;PUSH;REQUIRE;RUN;TAG;USER;VAR;VOLUME;WORKDIR" ignore_case="false" />
    <keywords2 keywords="add-apt-repository;addgroup;adduser;apk;apt-add-repository;apt-get;apt-key;ash;bash;cd;chmod;chown;cp;curl;dpkg;dpkg-divert;echo;ln;mkdir;mv;nano;pip;printf;rm;rsync;sed;sh;tar;unzip;wget;yum" />
    <keywords3 keywords="add;autoclean;autoremove;build-dep;changelog;check;clean;del;dist-upgrade;download;dselect-upgrade;install;purge;remove;source;uninstall;update;upgrade" />
    <keywords4 keywords="+A;+B;+C;+D;+E;+F;+G;+H;+I;+J;+K;+L;+M;+N;+O;+P;+Q;+R;+S;+T;+U;+V;+W;+X;+Y;+Z;+a;+b;+c;+d;+e;+f;+g;+h;+i;+j;+k;+l;+m;+n;+o;+p;+q;+r;+s;+t;+u;+v;+w;+x;+y;+z;--disabled-password;--force-yes;--gecos;--ingroup;--no-cache;--no-cache-dir;--no-network;--proxy;--purge;--quiet;-A;-B;-C;-D;-E;-F;-G;-H;-I;-J;-K;-L;-M;-N;-O;-P;-Q;-R;-S;-T;-U;-V;-W;-X;-Y;-Z;-a;-b;-c;-d;-e;-f;-fr;-g;-h;-i;-j;-k;-l;-m;-n;-o;-p;-q;-r;-rf;-s;-t;-u;-v;-w;-x;-y;-z" />
  </highlighting>
  <extensionMap>
    <mapping pattern="dockerfile" />
  </extensionMap>
</filetype>