<application>
  <component name="FileTypeManager" version="18">
    <ignoreFiles list="*.pyc;*.pyo;*.rbc;*~;.DS_Store;.IJI.*;.git;.hg;.sbas;.svn;CVS;RCS;SCCS;__pycache__;_svn;rcs;vssver.scc;vssver2.scc;" />
    <extensionMap>
      <mapping pattern="asdr" type="AUTO_DETECTED" />
      <mapping ext="tmpl" type="Dockerfile" />
      <mapping ext="gradle.kts" type="Kotlin" />
      <mapping ext="main.kts" type="Kotlin" />
      <mapping pattern="Makefile" type="Native" />
      <mapping pattern="test" type="PLAIN_TEXT" />
      <mapping pattern="VERSION" type="PLAIN_TEXT" />
      <mapping pattern="part-00000" type="PLAIN_TEXT" />
      <mapping pattern="gitsave" type="PLAIN_TEXT" />
      <mapping pattern="noop-standalone" type="PLAIN_TEXT" />
      <mapping pattern=".dockerignore" type="PLAIN_TEXT" />
      <mapping pattern="part-00001" type="PLAIN_TEXT" />
      <mapping pattern=".part-00000.crc" type="PLAIN_TEXT" />
      <mapping pattern=".jvmopts" type="PLAIN_TEXT" />
      <mapping pattern=".gitsave" type="PLAIN_TEXT" />
      <mapping pattern="service-node" type="PLAIN_TEXT" />
      <mapping pattern=".gitkeep" type="PLAIN_TEXT" />
      <mapping pattern=".sbtopts" type="PLAIN_TEXT" />
      <mapping ext="schema" type="PLAIN_TEXT" />
      <mapping ext="ods" type="PLAIN_TEXT" />
      <mapping ext="state" type="PLAIN_TEXT" />
      <mapping ext="tmlp" type="PLAIN_TEXT" />
      <mapping ext="cdr" type="PLAIN_TEXT" />
      <mapping ext="iim" type="PLAIN_TEXT" />
      <mapping ext="version" type="PLAIN_TEXT" />
      <mapping ext="index" type="PLAIN_TEXT" />
      <mapping ext="ini" type="PLAIN_TEXT" />
      <mapping ext="xconf" type="XML" />
      <mapping ext="xbeans" type="XML" />
      <mapping ext="dita" type="XML" />
      <mapping ext="ditamap" type="XML" />
      <mapping ext="rsd" type="XML" />
      <mapping ext="beans" type="XML" />
      <removed_mapping ext="apk" approved="true" type="ARCHIVE" />
      <removed_mapping ext="ignore" approved="true" type="IgnoreLang file" />
      <removed_mapping ext="psd" approved="true" type="Image" />
    </extensionMap>
  </component>
</application>