<application>
  <component name="ApplicationCodeStyleSettingsMigration">
    <option name="version" value="1" />
  </component>
  <component name="ScalaApplicationSettings">
    <option name="COPY_SCALADOC" value="false" />
    <option name="SPECIFY_RETURN_TYPE_EXPLICITLY" value="ADD" />
    <option name="SUGGEST_IN_EDITOR_DOC_RENDERING" value="false" />
    <option name="SUGGEST_AUTOBRACE_INSERTION" value="false" />
    <option name="SUGGEST_LEGACY_IMPORT_LAYOUT" value="false" />
  </component>
</application>