<application>
  <component name="libraryTable">
    <library name="scala-sdk-2.11.11" type="Scala">
      <properties>
        <compiler-classpath>
          <root url="file://$USER_HOME$/tools/scala/lib/scala-compiler.jar" />
          <root url="file://$USER_HOME$/tools/scala/lib/scala-library.jar" />
          <root url="file://$USER_HOME$/tools/scala/lib/scala-reflect.jar" />
        </compiler-classpath>
      </properties>
      <CLASSES>
        <root url="jar://$USER_HOME$/tools/scala/lib/scala-actors-2.11.0.jar!/" />
        <root url="jar://$USER_HOME$/tools/scala/lib/scala-actors-migration_2.11-1.1.0.jar!/" />
        <root url="jar://$USER_HOME$/tools/scala/lib/scala-library.jar!/" />
        <root url="jar://$USER_HOME$/tools/scala/lib/scala-parser-combinators_2.11-1.0.4.jar!/" />
        <root url="jar://$USER_HOME$/tools/scala/lib/scala-reflect.jar!/" />
        <root url="jar://$USER_HOME$/tools/scala/lib/scala-swing_2.11-1.0.2.jar!/" />
        <root url="jar://$USER_HOME$/tools/scala/lib/scala-xml_2.11-1.0.5.jar!/" />
      </CLASSES>
      <JAVADOC>
        <root url="http://www.scala-lang.org/api/2.11.11/" />
      </JAVADOC>
      <SOURCES />
    </library>
    <library name="scala-sdk-2.11.11 (2)" type="Scala">
      <properties>
        <compiler-classpath>
          <root url="file://$USER_HOME$/tools/scala/lib/scala-library.jar" />
          <root url="file://$USER_HOME$/tools/scala/lib/scala-compiler.jar" />
          <root url="file://$USER_HOME$/tools/scala/lib/scala-reflect.jar" />
        </compiler-classpath>
      </properties>
      <CLASSES>
        <root url="jar://$USER_HOME$/tools/scala/lib/scala-library.jar!/" />
        <root url="jar://$USER_HOME$/tools/scala/lib/scala-xml_2.11-1.0.5.jar!/" />
        <root url="jar://$USER_HOME$/tools/scala/lib/scala-parser-combinators_2.11-1.0.4.jar!/" />
        <root url="jar://$USER_HOME$/tools/scala/lib/scala-actors-migration_2.11-1.1.0.jar!/" />
        <root url="jar://$USER_HOME$/tools/scala/lib/scala-actors-2.11.0.jar!/" />
        <root url="jar://$USER_HOME$/tools/scala/lib/scala-swing_2.11-1.0.2.jar!/" />
        <root url="jar://$USER_HOME$/tools/scala/lib/scala-reflect.jar!/" />
      </CLASSES>
      <JAVADOC>
        <root url="http://www.scala-lang.org/api/2.11.11/" />
      </JAVADOC>
      <SOURCES />
    </library>
    <library name="scala-sdk-2.11.8" type="Scala">
      <properties>
        <compiler-classpath>
          <root url="file://$USER_HOME$/.ivy2/cache/org.scala-lang/scala-compiler/jars/scala-compiler-2.11.8.jar" />
          <root url="file://$USER_HOME$/.ivy2/cache/org.scala-lang/scala-library/jars/scala-library-2.11.8.jar" />
          <root url="file://$USER_HOME$/.ivy2/cache/org.scala-lang/scala-reflect/jars/scala-reflect-2.11.8.jar" />
        </compiler-classpath>
      </properties>
      <CLASSES />
      <JAVADOC />
      <SOURCES />
    </library>
    <library name="scala-sdk-2.12.7" type="Scala">
      <properties>
        <compiler-classpath>
          <root url="file://$USER_HOME$/tools/scala/lib/scala-library.jar" />
          <root url="file://$USER_HOME$/tools/scala/lib/scala-compiler.jar" />
          <root url="file://$USER_HOME$/tools/scala/lib/scala-reflect.jar" />
        </compiler-classpath>
      </properties>
      <CLASSES>
        <root url="jar://$USER_HOME$/tools/scala/lib/scala-library.jar!/" />
        <root url="jar://$USER_HOME$/tools/scala/lib/scala-swing_2.12-2.0.3.jar!/" />
        <root url="jar://$USER_HOME$/tools/scala/lib/scala-reflect.jar!/" />
        <root url="jar://$USER_HOME$/tools/scala/lib/scala-parser-combinators_2.12-1.0.7.jar!/" />
        <root url="jar://$USER_HOME$/tools/scala/lib/scala-xml_2.12-1.0.6.jar!/" />
      </CLASSES>
      <JAVADOC>
        <root url="http://www.scala-lang.org/api/2.12.7/" />
      </JAVADOC>
      <SOURCES />
    </library>
  </component>
</application>