<application>
  <component name="NotificationConfiguration" showBalloons="false">
    <notification groupId="Android Module Importing" shouldLog="false" />
    <notification groupId="Android Property Files Updating" shouldLog="false" />
    <notification groupId="Clean artifact" shouldLog="false" />
    <notification groupId="Compiler" displayType="NONE" shouldLog="false" />
    <notification groupId="Configure Kotlin in Project" displayType="STICKY_BALLOON" shouldLog="false" />
    <notification groupId="Execution" displayType="NONE" shouldLog="false" />
    <notification groupId="External Executable Critical Failures" displayType="STICKY_BALLOON" shouldLog="false" />
    <notification groupId="Framework Detection" shouldLog="false" />
    <notification groupId="Gradle sync" displayType="NONE" shouldLog="false" />
    <notification groupId="Grape" shouldLog="false" />
    <notification groupId="InstantRun" displayType="TOOL_WINDOW" shouldLog="false" />
    <notification groupId="Maven Import" displayType="STICKY_BALLOON" shouldLog="false" />
    <notification groupId="Maven: non-managed pom.xml" shouldLog="false" />
    <notification groupId="Mvc notifications" displayType="TOOL_WINDOW" shouldLog="false" />
    <notification groupId="notification.group.id.sbt" displayType="TOOL_WINDOW" shouldLog="false" />
    <notification groupId="Platform and Plugin Updates" displayType="STICKY_BALLOON" shouldLog="false" />
    <notification groupId="Plugins Suggestion" displayType="STICKY_BALLOON" shouldLog="false" />
    <notification groupId="Power Save Mode" shouldLog="false" />
    <notification groupId="Project Startup Tasks Messages" displayType="NONE" shouldLog="false" />
    <notification groupId="Required Plugins" shouldLog="false" />
    <notification groupId="scala" shouldLog="false" />
    <notification groupId="ScalaPluginUpdate" displayType="STICKY_BALLOON" shouldLog="false" />
    <notification groupId="System Health (minor)" displayType="NONE" shouldLog="false" />
  </component>
</application>