<code_scheme name="Michael" version="173">
  <option name="LINE_SEPARATOR" value="&#10;" />
  <option name="RIGHT_MARGIN" value="180" />
  <option name="FORMATTER_TAGS_ENABLED" value="true" />
  <JavaCodeStyleSettings>
    <option name="USE_FQ_CLASS_NAMES" value="true" />
    <option name="JD_ADD_BLANK_AFTER_PARM_COMMENTS" value="true" />
    <option name="JD_ADD_BLANK_AFTER_RETURN" value="true" />
  </JavaCodeStyleSettings>
  <ScalaCodeStyleSettings>
    <option name="classCountToUseImportOnDemand" value="99" />
    <option name="SPACE_BEFORE_TYPE_COLON" value="true" />
    <option name="NEWLINE_AFTER_ANNOTATIONS" value="true" />
  </ScalaCodeStyleSettings>
  <XML>
    <option name="XML_LEGACY_SETTINGS_IMPORTED" value="true" />
  </XML>
  <codeStyleSettings language="JAVA">
    <option name="ALIGN_MULTILINE_CHAINED_METHODS" value="true" />
    <option name="ALIGN_MULTILINE_PARAMETERS_IN_CALLS" value="true" />
    <option name="ALIGN_MULTILINE_THROWS_LIST" value="true" />
    <option name="ALIGN_MULTILINE_EXTENDS_LIST" value="true" />
    <option name="SPACE_WITHIN_PARENTHESES" value="true" />
    <option name="SPACE_WITHIN_METHOD_CALL_PARENTHESES" value="true" />
    <option name="SPACE_WITHIN_METHOD_PARENTHESES" value="true" />
    <option name="SPACE_WITHIN_IF_PARENTHESES" value="true" />
    <option name="SPACE_WITHIN_WHILE_PARENTHESES" value="true" />
    <option name="SPACE_WITHIN_FOR_PARENTHESES" value="true" />
    <option name="SPACE_WITHIN_TRY_PARENTHESES" value="true" />
    <option name="SPACE_WITHIN_CATCH_PARENTHESES" value="true" />
    <option name="SPACE_WITHIN_SWITCH_PARENTHESES" value="true" />
    <option name="SPACE_WITHIN_SYNCHRONIZED_PARENTHESES" value="true" />
    <option name="SPACE_WITHIN_BRACKETS" value="true" />
    <option name="IF_BRACE_FORCE" value="3" />
    <option name="WHILE_BRACE_FORCE" value="3" />
    <option name="FOR_BRACE_FORCE" value="3" />
    <option name="SPACE_WITHIN_ANNOTATION_PARENTHESES" value="true" />
  </codeStyleSettings>
  <codeStyleSettings language="Scala">
    <option name="ALIGN_MULTILINE_PARAMETERS_IN_CALLS" value="true" />
    <option name="ALIGN_MULTILINE_BINARY_OPERATION" value="true" />
    <option name="ALIGN_MULTILINE_METHOD_BRACKETS" value="true" />
    <option name="SPACE_WITHIN_PARENTHESES" value="true" />
    <option name="SPACE_WITHIN_METHOD_CALL_PARENTHESES" value="true" />
    <option name="SPACE_WITHIN_METHOD_PARENTHESES" value="true" />
    <option name="SPACE_WITHIN_IF_PARENTHESES" value="true" />
    <option name="SPACE_WITHIN_WHILE_PARENTHESES" value="true" />
    <option name="SPACE_WITHIN_FOR_PARENTHESES" value="true" />
    <option name="SPACE_WITHIN_BRACKETS" value="true" />
    <option name="METHOD_PARAMETERS_WRAP" value="1" />
    <option name="WRAP_LONG_LINES" value="true" />
    <indentOptions>
      <option name="INDENT_SIZE" value="4" />
      <option name="TAB_SIZE" value="4" />
    </indentOptions>
  </codeStyleSettings>
</code_scheme>